{
	"app": {
		"url": "http://localhost:3000/",
		"admin": {
			"email": "riffyn.test.1@riffyn.com",
			"username": "riffyn.test.1",
			"password": "54321.Quality"
		},
		"test2": {
			"email": "riffyn.test.2@riffyn.com",
			"username": "riffyn.test.2",
			"password": "54321.Quality"
		},
		"test3": {
			"email": "riffyn.test.3@riffyn.com",
			"username": "riffyn.test.3",
			"password": "54321.Quality"
		},
		"test4": {
			"email": "riffyn.test.4@riffyn.com",
			"username": "riffyn.test.4",
			"password": "54321.Quality"
		},
		"waitTime": "3000",
		"longerWait": "5000",
		"downloadWaitTime": "8000",
		"dbConfigLoadTime": "20000",
		"winWaitTime": "12000",
		"downloadActual": "../../downloads/E001_First Step_Execute.csv",
		"downloadPlanned": "../../downloads/E001_First Step_Plan.csv",
		"DesignNotesActual": "../../downloads/Solid Mint.png",
		"DesignNotesExpected": "../data/Solid Mint.png",
		"DesignNotesUploadFileName": "solid mint.png",
		"TasksActual": "../../downloads/Solid White.png",
		"TasksExpected": "../data/Solid White.png",
		"TasksUploadFileName": "solid white.png",
		"ObservationsActual": "../../downloads/Solid Lavender.png",
		"ObservationsExpected": "../data/Solid Lavender.png",
		"ObservationsUploadFileName": "solid lavender.png",
		"exportFromSingle": "../../downloads/exportFromSingleExperimentTest.csv",
		"exportFromAll": "../../downloads/exportFromAllExperimentsTest.csv",
		"uploadFile": "../data/8runs.xlsx",
		"anotherUploadFile": "../data/another-8runs.xlsx",
		"numeric": "../data/sanity_numeric_properties",
		"date": "../data/date_properties",
		"missingColumnRow": "../data/missing_columns_rows.xlsx",
		"plateTest": "../data/plate-test.csv",
		"text": "../data/text_properties"
	}
}